{
"lengthUnit": "mil",
"remark": [],
"components": {
	"fields": ["COMPONENT_NO", "COMPONENT_NAME", "LAYER", "X_COORDINATE", "Y_COORDINATE", "ANGLE"],
	"rows": [
		[1, "OLED2", "T", -1026, -202, 0],
		[2, "SW1", "T", 1172, 1240, 0],
		[3, "U1", "T", 1080, -832, 0],
		[4, "U2", "T", -1434, 610, 0],
		[5, "U3", "T", -1456, 1172, 0],
		[6, "U4", "T", -660, 1164, 0],
		[7, "U5", "T", -622, 606, 0],
		[8, "PAD1", "T", -1176, -202, 0],
		[9, "PAD1", "B", -1176, -202, 0],
		[10, "PAD2", "T", -1076, -202, 0],
		[11, "PAD2", "B", -1076, -202, 0],
		[12, "PAD3", "T", -976, -202, 0],
		[13, "PAD3", "B", -976, -202, 0],
		[14, "PAD4", "T", -876, -202, 0],
		[15, "PAD4", "B", -876, -202, 0],
		[16, "PAD5", "T", 1072, 1240, 0],
		[17, "PAD5", "B", 1072, 1240, 0],
		[18, "PAD6", "T", 1272, 1240, 0],
		[19, "PAD6", "B", 1272, 1240, 0],
		[20, "PAD7", "T", 1172, 1240, 0],
		[21, "PAD7", "B", 1172, 1240, 0],
		[22, "PAD8", "T", 1427.905, 1240, 0],
		[23, "PAD8", "B", 1427.905, 1240, 0],
		[24, "PAD9", "T", 916.095, 1240, 0],
		[25, "PAD9", "B", 916.095, 1240, 0],
		[26, "PAD10", "T", 737.486, -479.043, 0],
		[27, "PAD11", "T", 737.486, -829.043, 0],
		[28, "PAD12", "T", 737.486, -879.043, 0],
		[29, "PAD13", "T", 737.486, -929.043, 0],
		[30, "PAD14", "T", 737.486, -979.043, 0],
		[31, "PAD15", "T", 1155, -1184.947, 0],
		[32, "PAD16", "T", 1205, -1184.947, 0],
		[33, "PAD17", "T", 1422.514, -1079.043, 0],
		[34, "PAD18", "T", 1422.514, -1029.043, 0],
		[35, "PAD19", "T", 1422.514, -979.043, 0],
		[36, "PAD20", "T", -1552.11, 531.26, 0],
		[37, "PAD21", "T", -1552.11, 688.74, 0],
		[38, "PAD22", "T", -1574.11, 1093.26, 0],
		[39, "PAD23", "T", -1574.11, 1250.74, 0],
		[40, "PAD24", "T", -778.11, 1085.26, 0],
		[41, "PAD25", "T", -778.11, 1242.74, 0],
		[42, "PAD26", "T", -740.11, 527.26, 0],
		[43, "PAD27", "T", -740.11, 684.74, 0]
	]
},
"pins": {
	"fields": ["PIN_NO", "PIN_NAME", "PIN_X", "PIN_Y", "LAYER", "PIN_TYPE", "NET_NAME", "NET_TYPE", "PAD_SHAPE", "PAD_SIZEX", "PAD_SIZEY", "HOLE_SIZE", "HOLE_LEN", "PAD_ANGLE"],
	"rows": [
		[1, "OLED2_1", -1176, -202, "T", "DIP", "$1N932", "", "R", 62.992, 62.992, 43.308, 43.308, 0],
		[2, "OLED2_1", -1176, -202, "B", "DIP", "$1N932", "", "R", 62.992, 62.992, 43.308, 43.308, 0],
		[3, "OLED2_2", -1076, -202, "T", "DIP", "VCC", "", "C", 62.992, 62.992, 43.308, 43.308, 0],
		[4, "OLED2_2", -1076, -202, "B", "DIP", "VCC", "", "C", 62.992, 62.992, 43.308, 43.308, 0],
		[5, "OLED2_3", -976, -202, "T", "DIP", "$1N1475", "", "C", 62.992, 62.992, 43.308, 43.308, 0],
		[6, "OLED2_3", -976, -202, "B", "DIP", "$1N1475", "", "C", 62.992, 62.992, 43.308, 43.308, 0],
		[7, "OLED2_4", -876, -202, "T", "DIP", "$1N1469", "", "C", 62.992, 62.992, 43.308, 43.308, 0],
		[8, "OLED2_4", -876, -202, "B", "DIP", "$1N1469", "", "C", 62.992, 62.992, 43.308, 43.308, 0],
		[9, "SW1_4", 1427.905, 1240, "T", "DIP", "VCC", "", "O", 98.425, 118.11, 70.866, 86.614, 0],
		[10, "SW1_4", 1427.905, 1240, "B", "DIP", "VCC", "", "O", 98.425, 118.11, 70.866, 86.614, 0],
		[11, "SW1_5", 916.095, 1240, "T", "DIP", "$1N932", "", "O", 98.425, 118.11, 70.866, 86.614, 0],
		[12, "SW1_5", 916.095, 1240, "B", "DIP", "$1N932", "", "O", 98.425, 118.11, 70.866, 86.614, 0],
		[13, "SW1_A", 1072, 1240, "T", "DIP", "$1N1017", "", "C", 60, 60, 36, 36, 0],
		[14, "SW1_A", 1072, 1240, "B", "DIP", "$1N1017", "", "C", 60, 60, 36, 36, 0],
		[15, "SW1_B", 1272, 1240, "T", "DIP", "$1N1051", "", "C", 60, 60, 36, 36, 0],
		[16, "SW1_B", 1272, 1240, "B", "DIP", "$1N1051", "", "C", 60, 60, 36, 36, 0],
		[17, "SW1_C", 1172, 1240, "T", "DIP", "$1N1044", "", "C", 60, 60, 36, 36, 0],
		[18, "SW1_C", 1172, 1240, "B", "DIP", "$1N1044", "", "C", 60, 60, 36, 36, 0],
		[19, "U1_1", 737.486, -479.043, "T", "SMD", "$1N932", "", "R", 94.488, 35.433, 0, 0, 0],
		[20, "U1_2", 737.486, -529.043, "T", "SMD", "NET_1", "", "R", 94.488, 35.433, 0, 0, 0],
		[21, "U1_3", 737.486, -579.043, "T", "SMD", "NET_2", "", "R", 94.488, 35.433, 0, 0, 0],
		[22, "U1_4", 737.486, -629.043, "T", "SMD", "NET_3", "", "R", 94.488, 35.433, 0, 0, 0],
		[23, "U1_5", 737.486, -679.043, "T", "SMD", "NET_4", "", "R", 94.488, 35.433, 0, 0, 0],
		[24, "U1_6", 737.486, -729.043, "T", "SMD", "NET_5", "", "R", 94.488, 35.433, 0, 0, 0],
		[25, "U1_7", 737.486, -779.043, "T", "SMD", "NET_6", "", "R", 94.488, 35.433, 0, 0, 0],
		[26, "U1_8", 737.486, -829.043, "T", "SMD", "$1N939", "", "R", 94.488, 35.433, 0, 0, 0],
		[27, "U1_9", 737.486, -879.043, "T", "SMD", "$1N963", "", "R", 94.488, 35.433, 0, 0, 0],
		[28, "U1_10", 737.486, -929.043, "T", "SMD", "$1N986", "", "R", 94.488, 35.433, 0, 0, 0],
		[29, "U1_11", 737.486, -979.043, "T", "SMD", "$1N1011", "", "R", 94.488, 35.433, 0, 0, 0],
		[30, "U1_12", 737.486, -1029.043, "T", "SMD", "NET_7", "", "R", 94.488, 35.433, 0, 0, 0],
		[31, "U1_13", 737.486, -1079.043, "T", "SMD", "NET_8", "", "R", 94.488, 35.433, 0, 0, 0],
		[32, "U1_14", 737.486, -1129.043, "T", "SMD", "NET_9", "", "R", 94.488, 35.433, 0, 0, 0],
		[33, "U1_15", 855, -1184.957, "T", "SMD", "NET_10", "", "R", 94.488, 35.433, 0, 0, 270],
		[34, "U1_16", 905, -1184.957, "T", "SMD", "NET_11", "", "R", 94.488, 35.433, 0, 0, 270],
		[35, "U1_17", 955, -1184.957, "T", "SMD", "NET_12", "", "R", 94.488, 35.433, 0, 0, 270],
		[36, "U1_18", 1005, -1184.957, "T", "SMD", "NET_13", "", "R", 94.488, 35.433, 0, 0, 270],
		[37, "U1_19", 1055, -1184.957, "T", "SMD", "NET_14", "", "R", 94.488, 35.433, 0, 0, 270],
		[38, "U1_20", 1105, -1184.947, "T", "SMD", "NET_15", "", "R", 94.488, 35.433, 0, 0, 270],
		[39, "U1_21", 1155, -1184.947, "T", "SMD", "$1N1469", "", "R", 94.488, 35.433, 0, 0, 270],
		[40, "U1_22", 1205, -1184.947, "T", "SMD", "$1N1475", "", "R", 94.488, 35.433, 0, 0, 270],
		[41, "U1_23", 1255, -1184.947, "T", "SMD", "NET_16", "", "R", 94.488, 35.433, 0, 0, 270],
		[42, "U1_24", 1305, -1184.947, "T", "SMD", "NET_17", "", "R", 94.488, 35.433, 0, 0, 270],
		[43, "U1_25", 1422.514, -1129.043, "T", "SMD", "NET_18", "", "R", 94.488, 35.433, 0, 0, 0],
		[44, "U1_26", 1422.514, -1079.043, "T", "SMD", "$1N1017", "", "R", 94.488, 35.433, 0, 0, 0],
		[45, "U1_27", 1422.514, -1029.043, "T", "SMD", "$1N1051", "", "R", 94.488, 35.433, 0, 0, 0],
		[46, "U1_28", 1422.514, -979.043, "T", "SMD", "$1N1044", "", "R", 94.488, 35.433, 0, 0, 0],
		[47, "U1_29", 1422.514, -929.043, "T", "SMD", "NET_19", "", "R", 94.488, 35.433, 0, 0, 0],
		[48, "U1_30", 1422.514, -879.043, "T", "SMD", "NET_20", "", "R", 94.488, 35.433, 0, 0, 0],
		[49, "U1_31", 1422.514, -829.043, "T", "SMD", "NET_21", "", "R", 94.488, 35.433, 0, 0, 0],
		[50, "U1_32", 1422.514, -779.043, "T", "SMD", "NET_22", "", "R", 94.488, 35.433, 0, 0, 0],
		[51, "U1_33", 1422.514, -729.043, "T", "SMD", "NET_23", "", "R", 94.488, 35.433, 0, 0, 0],
		[52, "U1_34", 1422.514, -679.043, "T", "SMD", "NET_24", "", "R", 94.488, 35.433, 0, 0, 0],
		[53, "U1_35", 1422.514, -629.043, "T", "SMD", "NET_25", "", "R", 94.488, 35.433, 0, 0, 0],
		[54, "U1_36", 1422.514, -579.043, "T", "SMD", "NET_26", "", "R", 94.488, 35.433, 0, 0, 0],
		[55, "U1_37", 1422.514, -529.043, "T", "SMD", "NET_27", "", "R", 94.488, 35.433, 0, 0, 0],
		[56, "U1_38", 1422.514, -479.043, "T", "SMD", "NET_28", "", "R", 94.488, 35.433, 0, 0, 0],
		[57, "U1_39", 1039.96, -776.013, "T", "SMD", "NET_29", "", "R", 196.85, 196.85, 0, 0, 0],
		[58, "U2_1", -1552.11, 688.74, "T", "SMD", "$1N932", "", "R", 82.677, 47.244, 0, 0, 0],
		[59, "U2_2", -1315.89, 688.74, "T", "SMD", "NET_30", "", "R", 82.677, 47.244, 0, 0, 0],
		[60, "U2_3", -1552.11, 531.26, "T", "SMD", "$1N986", "", "R", 82.677, 47.244, 0, 0, 0],
		[61, "U2_4", -1315.89, 531.26, "T", "SMD", "NET_31", "", "R", 82.677, 47.244, 0, 0, 0],
		[62, "U3_1", -1574.11, 1250.74, "T", "SMD", "$1N932", "", "R", 82.677, 47.244, 0, 0, 0],
		[63, "U3_2", -1337.89, 1250.74, "T", "SMD", "NET_32", "", "R", 82.677, 47.244, 0, 0, 0],
		[64, "U3_3", -1574.11, 1093.26, "T", "SMD", "$1N939", "", "R", 82.677, 47.244, 0, 0, 0],
		[65, "U3_4", -1337.89, 1093.26, "T", "SMD", "NET_33", "", "R", 82.677, 47.244, 0, 0, 0],
		[66, "U4_1", -778.11, 1242.74, "T", "SMD", "$1N932", "", "R", 82.677, 47.244, 0, 0, 0],
		[67, "U4_2", -541.89, 1242.74, "T", "SMD", "NET_34", "", "R", 82.677, 47.244, 0, 0, 0],
		[68, "U4_3", -778.11, 1085.26, "T", "SMD", "$1N963", "", "R", 82.677, 47.244, 0, 0, 0],
		[69, "U4_4", -541.89, 1085.26, "T", "SMD", "NET_35", "", "R", 82.677, 47.244, 0, 0, 0],
		[70, "U5_1", -740.11, 684.74, "T", "SMD", "$1N932", "", "R", 82.677, 47.244, 0, 0, 0],
		[71, "U5_2", -503.89, 684.74, "T", "SMD", "NET_36", "", "R", 82.677, 47.244, 0, 0, 0],
		[72, "U5_3", -740.11, 527.26, "T", "SMD", "$1N1011", "", "R", 82.677, 47.244, 0, 0, 0],
		[73, "U5_4", -503.89, 527.26, "T", "SMD", "NET_37", "", "R", 82.677, 47.244, 0, 0, 0],
		[74, "PAD1_1", -1176, -202, "T", "DIP", "$1N932", "", "R", 62.992, 62.992, 43.308, 43.308, 0],
		[75, "PAD1_1", -1176, -202, "B", "DIP", "$1N932", "", "R", 62.992, 62.992, 43.308, 43.308, 0],
		[76, "PAD2_2", -1076, -202, "T", "DIP", "VCC", "", "C", 62.992, 62.992, 43.308, 43.308, 0],
		[77, "PAD2_2", -1076, -202, "B", "DIP", "VCC", "", "C", 62.992, 62.992, 43.308, 43.308, 0],
		[78, "PAD3_3", -976, -202, "T", "DIP", "$1N1475", "", "C", 62.992, 62.992, 43.308, 43.308, 0],
		[79, "PAD3_3", -976, -202, "B", "DIP", "$1N1475", "", "C", 62.992, 62.992, 43.308, 43.308, 0],
		[80, "PAD4_4", -876, -202, "T", "DIP", "$1N1469", "", "C", 62.992, 62.992, 43.308, 43.308, 0],
		[81, "PAD4_4", -876, -202, "B", "DIP", "$1N1469", "", "C", 62.992, 62.992, 43.308, 43.308, 0],
		[82, "PAD5_A", 1072, 1240, "T", "DIP", "$1N1017", "", "C", 60, 60, 36, 36, 0],
		[83, "PAD5_A", 1072, 1240, "B", "DIP", "$1N1017", "", "C", 60, 60, 36, 36, 0],
		[84, "PAD6_B", 1272, 1240, "T", "DIP", "$1N1051", "", "C", 60, 60, 36, 36, 0],
		[85, "PAD6_B", 1272, 1240, "B", "DIP", "$1N1051", "", "C", 60, 60, 36, 36, 0],
		[86, "PAD7_C", 1172, 1240, "T", "DIP", "$1N1044", "", "C", 60, 60, 36, 36, 0],
		[87, "PAD7_C", 1172, 1240, "B", "DIP", "$1N1044", "", "C", 60, 60, 36, 36, 0],
		[88, "PAD8_4", 1427.905, 1240, "T", "DIP", "VCC", "", "O", 98.425, 118.11, 70.866, 86.614, 0],
		[89, "PAD8_4", 1427.905, 1240, "B", "DIP", "VCC", "", "O", 98.425, 118.11, 70.866, 86.614, 0],
		[90, "PAD9_5", 916.095, 1240, "T", "DIP", "$1N932", "", "O", 98.425, 118.11, 70.866, 86.614, 0],
		[91, "PAD9_5", 916.095, 1240, "B", "DIP", "$1N932", "", "O", 98.425, 118.11, 70.866, 86.614, 0],
		[92, "PAD10_1", 737.486, -479.043, "T", "SMD", "$1N932", "", "R", 94.488, 35.433, 0, 0, 0],
		[93, "PAD11_8", 737.486, -829.043, "T", "SMD", "$1N939", "", "R", 94.488, 35.433, 0, 0, 0],
		[94, "PAD12_9", 737.486, -879.043, "T", "SMD", "$1N963", "", "R", 94.488, 35.433, 0, 0, 0],
		[95, "PAD13_10", 737.486, -929.043, "T", "SMD", "$1N986", "", "R", 94.488, 35.433, 0, 0, 0],
		[96, "PAD14_11", 737.486, -979.043, "T", "SMD", "$1N1011", "", "R", 94.488, 35.433, 0, 0, 0],
		[97, "PAD15_21", 1155, -1184.947, "T", "SMD", "$1N1469", "", "R", 94.488, 35.433, 0, 0, 270],
		[98, "PAD16_22", 1205, -1184.947, "T", "SMD", "$1N1475", "", "R", 94.488, 35.433, 0, 0, 270],
		[99, "PAD17_26", 1422.514, -1079.043, "T", "SMD", "$1N1017", "", "R", 94.488, 35.433, 0, 0, 0],
		[100, "PAD18_27", 1422.514, -1029.043, "T", "SMD", "$1N1051", "", "R", 94.488, 35.433, 0, 0, 0],
		[101, "PAD19_28", 1422.514, -979.043, "T", "SMD", "$1N1044", "", "R", 94.488, 35.433, 0, 0, 0],
		[102, "PAD20_3", -1552.11, 531.26, "T", "SMD", "$1N986", "", "R", 82.677, 47.244, 0, 0, 0],
		[103, "PAD21_1", -1552.11, 688.74, "T", "SMD", "$1N932", "", "R", 82.677, 47.244, 0, 0, 0],
		[104, "PAD22_3", -1574.11, 1093.26, "T", "SMD", "$1N939", "", "R", 82.677, 47.244, 0, 0, 0],
		[105, "PAD23_1", -1574.11, 1250.74, "T", "SMD", "$1N932", "", "R", 82.677, 47.244, 0, 0, 0],
		[106, "PAD24_3", -778.11, 1085.26, "T", "SMD", "$1N963", "", "R", 82.677, 47.244, 0, 0, 0],
		[107, "PAD25_1", -778.11, 1242.74, "T", "SMD", "$1N932", "", "R", 82.677, 47.244, 0, 0, 0],
		[108, "PAD26_3", -740.11, 527.26, "T", "SMD", "$1N1011", "", "R", 82.677, 47.244, 0, 0, 0],
		[109, "PAD27_1", -740.11, 684.74, "T", "SMD", "$1N932", "", "R", 82.677, 47.244, 0, 0, 0]
	]
}
}